{"accuracy": [0.04141252115368843, 0.06805778294801712, 0.06035313010215759, 0.08282504230737686, 0.11075441539287567, 0.15056179463863373, 0.22439807653427124, 0.26902085542678833, 0.3171749711036682, 0.35152488946914673, 0.4028892517089844, 0.44462278485298157, 0.4709470272064209, 0.5309791564941406, 0.5540931224822998, 0.5836275815963745, 0.6234350204467773, 0.6430176496505737, 0.6715890765190125, 0.6921348571777344, 0.7194221615791321, 0.7232744693756104, 0.7345104217529297, 0.7467094659805298, 0.7627608180046082, 0.7614767551422119, 0.7810593843460083, 0.8003210425376892, 0.7800962924957275, 0.7874799370765686, 0.8189406394958496, 0.8147672414779663, 0.8131621479988098, 0.8276083469390869, 0.8298555612564087, 0.8285714387893677, 0.843338668346405, 0.8459069132804871, 0.8423755764961243, 0.8459069132804871], "loss": [15.111095428466797, 4.994416236877441, 3.884629487991333, 3.5788450241088867, 3.884763479232788, 3.3335530757904053, 3.3279805183410645, 2.9264490604400635, 2.8516182899475098, 2.8583736419677734, 2.6793742179870605, 2.3139865398406982, 2.5343716144561768, 1.9370964765548706, 2.1300172805786133, 1.8923654556274414, 1.6488531827926636, 1.6519007682800293, 1.4426698684692383, 1.4146389961242676, 1.3013354539871216, 1.3530356884002686, 1.210141658782959, 1.2798216342926025, 1.1038293838500977, 1.3191996812820435, 1.1655771732330322, 0.9358121752738953, 1.326357364654541, 1.0892409086227417, 0.9815617203712463, 0.9818649291992188, 1.0080279111862183, 0.9871840476989746, 0.853786051273346, 0.9577541947364807, 0.931076169013977, 0.8841708302497864, 1.0425173044204712, 1.0463731288909912], "val_accuracy": [0.05292478948831558, 0.09749303758144379, 0.13649025559425354, 0.22841225564479828, 0.24512535333633423, 0.33704736828804016, 0.4150417745113373, 0.4623955488204956, 0.4930362105369568, 0.18941503763198853, 0.515320360660553, 0.5626741051673889, 0.688022255897522, 0.7019498348236084, 0.7214484810829163, 0.7576601505279541, 0.6518105864524841, 0.7938718795776367, 0.5515320301055908, 0.8189415335655212, 0.7827298045158386, 0.8050139546394348, 0.7465181350708008, 0.844011127948761, 0.6267409324645996, 0.7938718795776367, 0.8300835490226746, 0.8774373531341553, 0.89415043592453, 0.8969359397888184, 0.9052924513816833, 0.9108635187149048, 0.902506947517395, 0.9108635187149048, 0.9108635187149048, 0.9080780148506165, 0.9164345264434814, 0.89415043592453, 0.9275766015052795, 0.8718662858009338], "val_loss": [3.508002281188965, 3.4429092407226562, 3.288133144378662, 3.0747315883636475, 3.0013389587402344, 2.899848699569702, 2.5294008255004883, 2.346240282058716, 2.2081336975097656, 14.19554328918457, 2.225778579711914, 1.8209227323532104, 1.6731550693511963, 1.438701868057251, 1.3188984394073486, 1.5814619064331055, 2.0228652954101562, 1.319187045097351, 3.439484119415283, 1.1015833616256714, 1.7072182893753052, 1.0468703508377075, 1.869861364364624, 1.2340742349624634, 3.98513126373291, 1.4441499710083008, 1.4786580801010132, 1.3600828647613525, 1.031030297279358, 1.4626916646957397, 1.1792895793914795, 1.3616849184036255, 1.2423640489578247, 1.4760109186172485, 1.4289052486419678, 1.262831687927246, 1.278888463973999, 1.5488799810409546, 1.0863819122314453, 1.798474669456482]}